{
    "$schema": "http://schema.management.azure.com/schemas/2014-04-01-preview/deploymentTemplate.json#",
    "contentVersion": "1.0.0.0",
    "parameters": {
        "name": {
            "type": "string"
        },
        "location": {
            "type": "string"
        },
        "tags": {
            "type": "object"
        },
        "properties": {
            "type": "object"
        },
        "id": {
            "type": "string"
        }
    },
    "resources": [
        {
            "apiVersion": "2019-07-01",
            "name": "lsaks-conenction-monitoring",
            "location": "centralindia",
            "tags": "[parameters('tags')]",
            "type": "Microsoft.Network/networkWatchers/connectionMonitors",
            "properties": {
                "endpoints": [
                    {
                        "name": "aks-nodepool1-43836823-vmss(MC_rglsaks_lsaksapisqlclsn_centralindia)",
                        "resourceId": "/subscriptions/2a4cc828-64a6-4168-ac96-cea7049e3c12/resourceGroups/MC_rglsaks_lsaksapisqlclsn_centralindia/providers/Microsoft.Compute/virtualMachineScaleSets/aks-nodepool1-43836823-vmss",
                        "type": "AzureVMSS",
                        "nwExtensionInstalled": false
                    },
                    {
                        "name": "aks-nodepool1-43836823-vmss(MC_rglsaks_lsaksapisqlclsn_centralindia)",
                        "resourceId": "/subscriptions/2a4cc828-64a6-4168-ac96-cea7049e3c12/resourceGroups/MC_rglsaks_lsaksapisqlclsn_centralindia/providers/Microsoft.Compute/virtualMachineScaleSets/aks-nodepool1-43836823-vmss",
                        "type": "AzureVMSS",
                        "nwExtensionInstalled": false
                    }
                ],
                "testConfigurations": [
                    {
                        "name": "TESTHTTP",
                        "testFrequencySec": 30,
                        "protocol": "HTTP",
                        "successThreshold": {
                            "checksFailedPercent": null,
                            "roundTripTimeMs": null
                        },
                        "httpConfiguration": {
                            "port": 80,
                            "method": "GET",
                            "path": "",
                            "requestHeaders": [],
                            "validStatusCodeRanges": [],
                            "preferHTTPS": false
                        }
                    }
                ],
                "testGroups": [
                    {
                        "name": "TEST",
                        "disable": true,
                        "sources": [
                            "aks-nodepool1-43836823-vmss(MC_rglsaks_lsaksapisqlclsn_centralindia)"
                        ],
                        "destinations": [
                            "aks-nodepool1-43836823-vmss(MC_rglsaks_lsaksapisqlclsn_centralindia)"
                        ],
                        "testConfigurations": [
                            "TESTHTTP"
                        ]
                    }
                ],
                "outputs": [
                    {
                        "type": "Workspace",
                        "workspaceSettings": {
                            "workspaceResourceId": "/subscriptions/2a4cc828-64a6-4168-ac96-cea7049e3c12/resourceGroups/DefaultResourceGroup-CID/providers/Microsoft.OperationalInsights/workspaces/DefaultWorkspace-2a4cc828-64a6-4168-ac96-cea7049e3c12-CID"
                        }
                    }
                ]
            },
            "id": "/subscriptions/2a4cc828-64a6-4168-ac96-cea7049e3c12/resourceGroups/networkwatcherrg/providers/Microsoft.Network/networkWatchers/NetworkWatcher_centralindia/connectionMonitors/lsaks-conenction-monitoring"
        }
    ]
}